Name,Age
Crystal Gray,65
Rose Marshall,61
Jasmine Russell,55
Kimberly May,72
Kenneth Miles,55
Tina Jackson,72
Brian Pugh,53
Mr. Bobby Smith Jr.,76
Lindsay Pacheco,73
Candice Wolfe,65
Emily Thompson,52
Julia Hughes,91
Pamela Kramer,61
Julia Austin,79
Megan Thomas,57
Steven Douglas,80
Tara Herrera,70
Robert Cole,100
Justin Mcdonald,88
Justin Williams,66
Robert Kirby,93
Michael Smith,95
Melanie Jackson,65
Brian Sanchez,92
Robert Floyd,88
Christopher Smith,91
Frances Ferrell,55
Colton Duncan,99
Brittany Roberts,94
Margaret Duffy,72
Shane Moon,64
Jamie Cuevas,78
Victoria Wilson,69
Keith Allen,83
David Turner,66
Todd Taylor,87
Eric Cobb,79
James Johnson,72
Tracy Davenport,58
Nathaniel Martinez,100
Amber Williams,64
Zachary King,72
Carlos Lynch,89
Megan Curry,78
Ronald Lynn,63
Nicole Coleman,86
Nathan Grant,75
Samuel Wells,55
Robert Bishop,98
Jesus Perkins,55
Bryan Bishop,85
Sara Blankenship,89
Ms. Megan Harrison,68
Joseph Williams,96
Christian Maldonado,80
Mary Hunt,93
Jesse Daugherty,91
Adrian Riley,59
Bridget Marks,86
Melanie Lee,68
Joseph Gamble,72
Jennifer Martin,100
Mrs. Karen Mitchell,91
Monica Calderon,99
Joseph Cunningham,89
Jamie Serrano MD,80
Lauren Williams,88
Adrian Nguyen,81
Bethany Hunter,67
Richard Murray,78
Amanda Holloway,95
April Middleton,54
Rose Sexton,82
April Reyes MD,62
Joseph Barrera MD,51
Joseph Wagner,76
Michael Clark,79
Darlene Gonzalez,73
Louis Harper,94
Christopher Richmond,91
Alexandra Lester,81
Aaron Bartlett,68
Joseph Brown,99
Jenna Sanford,79
Meredith Romero,97
Olivia Ho,72
Dawn Hobbs,71
Christine Chan,98
Isaac Taylor,75
Mary Nolan,63
Bruce Nielsen,77
Dennis Meza,79
Gerald West,99
Richard Solis,53
Benjamin Crosby,67
Steven Mcdonald,90
Amanda Johnson,53
James Pham,56
Carla Harrell,67
Morgan Arellano,64
Leslie Marsh,69
Martha Fleming,97
Allison Warren,99
Evan Flowers,70
